inicio,fin
2026-01-04 09:00:00,2026-01-11 08:00:00
2026-01-04 16:00:00,2026-01-10 08:00:00
2026-01-05 09:00:00,2026-01-12 08:00:00
2026-01-05 14:00:00,2026-01-10 08:00:00
2026-01-05 15:00:00,2026-01-10 08:00:00
2026-01-05 15:00:00,2026-01-10 08:00:00
2026-01-05 15:00:00,2026-01-10 08:00:00
2026-01-05 17:00:00,2026-01-11 08:00:00
2026-01-05 18:00:00,2026-01-11 08:00:00
2026-01-06 09:15:00,2026-01-10 08:00:00
2026-01-06 10:00:00,2026-01-11 08:00:00
2026-01-06 10:00:00,2026-01-10 08:00:00
2026-01-06 10:30:00,2026-01-10 08:00:00
2026-01-06 13:00:00,2026-01-11 08:00:00
2026-01-06 14:00:00,2026-01-12 08:00:00
2026-01-06 16:00:00,2026-01-11 08:00:00
2026-01-06 16:00:00,2026-01-11 08:00:00
2026-01-06 16:00:00,2026-01-12 08:00:00
2026-01-06 17:00:00,2026-01-13 08:00:00
2026-01-07 09:15:00,2026-01-12 08:00:00
2026-01-07 10:00:00,2026-01-12 08:00:00
2026-01-07 10:00:00,2026-01-10 08:00:00
2026-01-07 10:00:00,2026-01-12 08:00:00
2026-01-07 11:00:00,2026-01-13 08:00:00
2026-01-07 13:00:00,2026-01-13 08:00:00
2026-01-07 13:00:00,2026-01-10 08:00:00
2026-01-07 13:45:00,2026-01-14 08:00:00
2026-01-07 16:00:00,2026-01-12 08:00:00
2026-01-07 16:00:00,2026-01-13 08:00:00
2026-01-07 16:00:00,2026-01-11 08:00:00
2026-01-07 16:20:00,2026-01-10 08:00:00
2026-01-07 17:00:00,2026-01-13 08:00:00
2026-01-07 17:00:00,2026-01-13 08:00:00
2026-01-07 18:00:00,2026-01-12 08:00:00
2026-01-07 18:05:00,2026-01-10 08:00:00
2026-01-08 09:15:00,2026-01-12 08:00:00
2026-01-08 10:00:00,2026-01-13 08:00:00
2026-01-08 10:00:00,2026-01-13 08:00:00
2026-01-08 11:45:00,2026-01-11 08:00:00
2026-01-08 12:00:00,2026-01-14 08:00:00
2026-01-08 12:00:00,2026-01-12 08:00:00
2026-01-08 13:00:00,2026-01-13 08:00:00
2026-01-08 14:00:00,2026-01-11 08:00:00
2026-01-08 15:30:00,2026-01-10 08:00:00
2026-01-08 16:00:00,2026-01-11 08:00:00
2026-01-08 16:00:00,2026-01-12 08:00:00
2026-01-08 16:00:00,2026-01-14 08:00:00
2026-01-09 09:15:00,2026-01-16 08:00:00
2026-01-09 10:30:00,2026-01-11 08:00:00
2026-01-09 11:00:00,2026-01-10 08:00:00
2026-01-09 12:00:00,2026-01-11 08:00:00
2026-01-09 13:00:00,2026-01-15 08:00:00
2026-01-09 13:00:00,2026-01-15 08:00:00
2026-01-09 13:00:00,2026-01-13 08:00:00
2026-01-09 13:30:00,2026-01-10 08:00:00
2026-01-09 14:45:00,2026-01-10 08:00:00
2026-01-09 15:00:00,2026-01-10 08:00:00
2026-01-09 16:00:00,2026-01-11 08:00:00
2026-01-09 16:00:00,2026-01-13 08:00:00
2026-01-09 16:00:00,2026-01-15 08:00:00
2026-01-09 16:45:00,2026-01-14 08:00:00
2026-01-09 17:00:00,2026-01-12 08:00:00
2026-01-09 18:00:00,2026-01-14 08:00:00
